{
	"data": [
		{
			"id": "1000",
			"createdOn": "12/08/2020 12:20:20 AM",
			"seller": {
				"id": "1000",
				"name": "Bamboo Watch",
				"gstin": "testing123",
				"status": "ACTIVE"
			},
			"buyer": {
				"id": "1000",
				"name": "Bamboo Watch",
				"gstin": "testing123",
				"status": "ACTIVE"
			},
			"mark": {
				"id": "1001",
				"name": "Bamboo Watch1"
			},
			"blocks": [
				{
					"id": "100",
					"adkNum": "100",
					"blockNum": "100",
					"weight": "100"
				}
			]
		}
	]
}
